"id","part","character","line","where it plays","delivery","file to deliver","status now","record"
"S1.1","1 Momo + Popo story","Narrator","Long ago,","Scene 1 of 9 (warm music)","Warm, calm, unhurried: once upon a time.","story-scene-1-1.wav","Recorded: story-narrator.mp3, 0.05-0.89 s (docs/voice/cue-map.json)","no (recorded)"
"S1.2","1 Momo + Popo story","Narrator","Momo the mammoth and Popo the polar bear","Scene 1 of 9 (warm music)","Introducing two friends, a smile in it.","story-scene-1-2.wav","Recorded: story-narrator.mp3, 1.24-4.08 s (docs/voice/cue-map.json)","no (recorded)"
"S1.3","1 Momo + Popo story","Narrator","were best friends.","Scene 1 of 9 (warm music)","Fond and warm.","story-scene-1-3.wav","Recorded: story-narrator.mp3, 4.30-5.60 s (docs/voice/cue-map.json)","no (recorded)"
"S2.1","1 Momo + Popo story","Narrator","One day,","Scene 2 of 9 (warm music)","A little lift: something is about to happen.","story-scene-2-1.wav","Recorded: story-narrator.mp3, 6.09-6.70 s (docs/voice/cue-map.json)","no (recorded)"
"S2.2","1 Momo + Popo story","Narrator","Popo spotted something shiny","Scene 2 of 9 (warm music)","Curious, drawing the listener in.","story-scene-2-2.wav","Recorded: story-narrator.mp3, 7.04-8.83 s (docs/voice/cue-map.json)","no (recorded)"
"S2.3","1 Momo + Popo story","Narrator","beneath the ice.","Scene 2 of 9 (warm music)","A hush of wonder.","story-scene-2-3.wav","Recorded: story-narrator.mp3, 8.83-9.78 s (docs/voice/cue-map.json)","no (recorded)"
"S3.1","1 Momo + Popo story","Popo","Momo, look!","Scene 3 of 9 (warm music)","Excited, calling his friend over.","story-scene-3-1.wav","Recorded: story-popo.mp3, 0.09-0.90 s (docs/voice/cue-map.json)","no (recorded)"
"S3.2","1 Momo + Popo story","Popo","Something is buried here!","Scene 3 of 9 (warm music)","Thrilled, a discovery.","story-scene-3-2.wav","Recorded: story-popo.mp3, 1.23-2.61 s (docs/voice/cue-map.json)","no (recorded)"
"S4.1","1 Momo + Popo story","Momo","Let us pull it out!","Scene 4 of 9 (playful music)","Eager and brave, ready to help.","story-scene-4-1.wav","Recorded: story-momo.mp3, 0.08-1.10 s (docs/voice/cue-map.json)","no (recorded)"
"S5.1","1 Momo + Popo story","Popo","Almost there!","Scene 5 of 9 (playful music)","Straining, pulling hard, excited.","story-scene-5-1.wav","Recorded: story-popo.mp3, 3.38-4.49 s (docs/voice/cue-map.json)","no (recorded)"
"S5.2","1 Momo + Popo story","Popo","One more pull!","Scene 5 of 9 (playful music)","Effort and cheer together: nearly there.","story-scene-5-2.wav","Recorded: story-popo.mp3, 5.09-6.27 s (docs/voice/cue-map.json)","no (recorded)"
"S6.1","1 Momo + Popo story","Momo","Uh-oh...","Scene 6 of 9 (tension music), a worry moment","Small and cautious: the ice has just cracked. Slow.","story-scene-6-1.wav","Recorded: story-momo.mp3, 2.66-3.48 s (docs/voice/cue-map.json)","no (recorded)"
"S7.1","1 Momo + Popo story","Popo","Run!","Scene 7 of 9 (tension music), a shout moment","Urgent! A short shout, not a scream.","story-scene-7-1.wav","Recorded: story-popo.mp3, 7.06-7.64 s (docs/voice/cue-map.json)","no (recorded)"
"S8.1","1 Momo + Popo story","Momo","Popo!","Scene 8 of 9 (hush music), a shout moment","Calling across the crack, worried for his friend.","story-scene-8-1.wav","Recorded: story-momo.mp3, 4.23-4.90 s (docs/voice/cue-map.json)","no (recorded)"
"S9.1","1 Momo + Popo story","Popo","Momo, keep going!","Scene 9 of 9 (resolve music)","Brave and reassuring, calling from the far side.","story-scene-9-1.wav","Recorded: story-popo.mp3, 8.01-9.41 s (docs/voice/cue-map.json)","no (recorded)"
"S9.2","1 Momo + Popo story","Popo","I will find another way!","Scene 9 of 9 (resolve music)","Determined, hopeful.","story-scene-9-2.wav","Recorded: story-popo.mp3, 9.79-11.48 s (docs/voice/cue-map.json)","no (recorded)"
"L01","2 Lesson","Swiftee","Look! A point.","Screen 1 (01 · Point): instruction","Clear and inviting: a question to the child, or a thing to look at.","01_Look_A_point.wav","Recorded: swiftee-lesson-1.mp3, 0.10-1.67 s (docs/voice/cue-map.json)","no (recorded)"
"L02","2 Lesson","Swiftee","Woah! It drew a shape.","Screen 2 (01 · Shape): instruction","Clear and inviting: a question to the child, or a thing to look at.","02_Woah_It_drew_a_shape.wav","Recorded: swiftee-lesson-1.mp3, 2.57-5.01 s (docs/voice/cue-map.json)","no (recorded)"
"L03","2 Lesson","Swiftee","Let's look at this shape closely.","Screen 3 (01 · Closer): instruction","Clear and inviting: a question to the child, or a thing to look at.","03_Lets_look_at_this_shape_closely.wav","Recorded: swiftee-lesson-1.mp3, 5.90-7.75 s (docs/voice/cue-map.json)","no (recorded)"
"L04","2 Lesson","Swiftee","There are no gaps in its boundary.","Screen 4 (01 · Boundary): instruction","Clear and inviting: a question to the child, or a thing to look at. Stress: gaps, boundary.","04_There_are_no_gaps_in_its_boundary.wav","Recorded: swiftee-lesson-1.mp3, 8.75-10.74 s (docs/voice/cue-map.json)","no (recorded)"
"L05","2 Lesson","Swiftee","Is it open or closed?","Screen 5 (01 · Open or closed): instruction","Clear and inviting: a question to the child, or a thing to look at. Stress: open, closed.","05_Is_it_open_or_closed.wav","Recorded: swiftee-lesson-1.mp3, 11.58-13.63 s (docs/voice/cue-map.json)","no (recorded)"
"L06","2 Lesson","Swiftee","No gaps in its boundary. This shape is closed.","Screens 5-9: after a wrong pick, explains the answer (closed)","Patient, explaining, calm. Stress: gaps, boundary, closed.","48_No_gaps_in_its_boundary_This_shape_is_closed.wav","Recorded: swiftee-lesson-1.mp3, 14.80-18.73 s (docs/voice/cue-map.json)","no (recorded)"
"L07","2 Lesson","Swiftee","There is a gap in its boundary. It is open.","Screens 5-9: after a wrong pick, explains the answer (open)","Patient, explaining, calm. Stress: gap, boundary, open.","49_There_is_a_gap_in_its_boundary_It_is_open.wav","Recorded: swiftee-lesson-1.mp3, 19.90-22.82 s (docs/voice/cue-map.json)","no (recorded)"
"L08","2 Lesson","Swiftee","Yes! It is closed.","Screens 5-9: right answer (the shape is closed)","Delighted, warm praise. A real smile, not a cheer. Stress: closed.","66_Yes_It_is_closed.wav","Recorded: swiftee-lesson-1.mp3, 23.84-25.87 s (docs/voice/cue-map.json)","no (recorded)"
"L09","2 Lesson","Swiftee","Yes! It is open.","Screens 5-9: right answer (the shape is open)","Delighted, warm praise. A real smile, not a cheer. Stress: open.","67_Yes_It_is_open.wav","Recorded: swiftee-lesson-1.mp3, 26.42-28.13 s (docs/voice/cue-map.json)","no (recorded)"
"L10","2 Lesson","Swiftee","Is this shape open or closed?","Screen 6 (02 · Open or closed): instruction","Clear and inviting: a question to the child, or a thing to look at. Stress: open, closed.","06_Is_this_shape_open_or_closed.wav","Recorded: swiftee-lesson-1.mp3, 29.20-31.48 s (docs/voice/cue-map.json)","no (recorded)"
"L11","2 Lesson","Swiftee","What about this one?","Screen 7 (03 · Open or closed): instruction","Clear and inviting: a question to the child, or a thing to look at.","07_What_about_this_one.wav","Recorded: swiftee-lesson-1.mp3, 32.35-33.42 s (docs/voice/cue-map.json)","no (recorded)"
"L12","2 Lesson","Swiftee","And this?","Screen 8 (04 · Open or closed): instruction","Clear and inviting: a question to the child, or a thing to look at.","08_And_this.wav","Recorded: swiftee-lesson-1.mp3, 33.98-34.67 s (docs/voice/cue-map.json)","no (recorded)"
"L13","2 Lesson","Swiftee","How about this one?","Screen 9 (05 · Open or closed): instruction","Clear and inviting: a question to the child, or a thing to look at.","09_How_about_this_one.wav","Recorded: swiftee-lesson-1.mp3, 35.59-36.80 s (docs/voice/cue-map.json)","no (recorded)"
"L14","2 Lesson","Swiftee","These two shapes are open...","Screen 10 (06 · Open figures): instruction","Clear and inviting: a question to the child, or a thing to look at. Stress: open.","10_These_two_shapes_are_open.wav","Recorded: swiftee-lesson-1.mp3, 37.67-39.52 s (docs/voice/cue-map.json)","no (recorded)"
"L15","2 Lesson","Swiftee","...and these two shapes are closed.","Screen 11 (06 · Closed figures): instruction","Clear and inviting: a question to the child, or a thing to look at. Stress: closed.","11_and_these_two_shapes_are_closed.wav","Recorded: swiftee-lesson-1.mp3, 40.22-42.34 s (docs/voice/cue-map.json)","no (recorded)"
"L16","2 Lesson","Swiftee","Look! The boundaries of the shapes are different too.","Screen 12 (06 · Boundaries): instruction","Clear and inviting: a question to the child, or a thing to look at. Stress: boundaries.","12_Look_The_boundaries_of_the_shapes_are_different_too.wav","Recorded: swiftee-lesson-1.mp3, 43.32-46.49 s (docs/voice/cue-map.json)","no (recorded)"
"L17","2 Lesson","Swiftee","Some are straight and some are curved.","Screen 13 (06 · Straight or curved): instruction","Clear and inviting: a question to the child, or a thing to look at. Stress: straight, curved.","13_Some_are_straight_and_some_are_curved.wav","Recorded: swiftee-lesson-1.mp3, 47.14-49.35 s (docs/voice/cue-map.json)","no (recorded)"
"L18","2 Lesson","Swiftee","Which boundaries are straight and which are curved?","Screen 14 (06 · Classify): instruction","Clear and inviting: a question to the child, or a thing to look at. Stress: boundaries, straight, curved.","14_Which_boundaries_are_straight_and_which_are_curved.wav","Recorded: swiftee-lesson-1.mp3, 50.08-53.09 s (docs/voice/cue-map.json)","no (recorded)"
"L19","2 Lesson","Swiftee","Look! This boundary isn't curved. It is made of straight lines.","Screen 14 (06 · Classify): wrong pick: chose Curved for a straight boundary","Patient, explaining, calm. Stress: boundary, curved, straight.","68_Look_This_boundary_isnt_curved_It_is_made_of_straight_lines.wav","Recorded: swiftee-lesson-1.mp3, 54.19-58.63 s (docs/voice/cue-map.json)","no (recorded)"
"L20","2 Lesson","Swiftee","Look closely. This boundary bends smoothly. It is curved.","Screen 14 (06 · Classify): wrong pick: chose Straight for a curved boundary","Patient, explaining, calm. Stress: boundary, curved.","69_Look_closely_This_boundary_bends_smoothly_It_is_curved.wav","Recorded: swiftee-lesson-1.mp3, 59.40-64.00 s (docs/voice/cue-map.json)","no (recorded)"
"L21","2 Lesson","Swiftee","Is the boundary straight or curved?","Screen 14 (06 · Classify): the question again, after a wrong pick","Clear and inviting: a question to the child, or a thing to look at. Stress: boundary, straight, curved.","88_Is_the_boundary_straight_or_curved.wav","Recorded: swiftee-lesson-1.mp3, 64.71-66.81 s (docs/voice/cue-map.json)","no (recorded)"
"L22","2 Lesson","Swiftee","You got it! These boundaries are straight, while these are curved.","Screen 15 (06 · Well done): instruction","Clear and inviting: a question to the child, or a thing to look at. Stress: boundaries, straight, curved.","15_You_got_it_These_boundaries_are_straight_while_these_are_curve.wav","Recorded: swiftee-lesson-1.mp3, 67.76-72.09 s (docs/voice/cue-map.json)","no (recorded)"
"L23","2 Lesson","Swiftee","Tap the closed figure made with straight lines.","Screen 16 (07 - Find the polygon): instruction","Clear and inviting: a question to the child, or a thing to look at. Stress: closed, straight.","80_Tap_the_closed_figure_made_with_straight_lines.wav","Recorded: swiftee-lesson-1.mp3, 73.15-75.71 s (docs/voice/cue-map.json)","no (recorded)"
"L24","2 Lesson","Swiftee","Yes! It is closed and made of straight lines.","Screen 16 (07 - Find the polygon): right answer","Delighted, warm praise. A real smile, not a cheer. Stress: closed, straight.","70_Yes_It_is_closed_and_made_of_straight_lines.wav","Recorded: swiftee-lesson-1.mp3, 76.43-79.95 s (docs/voice/cue-map.json)","no (recorded)"
"L25","2 Lesson","Swiftee","Not quite. Look for a figure with no gaps and no curves.","Screen 16 (07 - Find the polygon): first wrong try","Gentle and encouraging. Never disappointed; a small nudge. Stress: gaps, curves.","50_Not_quite_Look_for_a_figure_with_no_gaps_and_no_curves.wav","Recorded: swiftee-lesson-1.mp3, 80.76-84.76 s (docs/voice/cue-map.json)","no (recorded)"
"L26","2 Lesson","Swiftee","We call this a polygon.","Screen 17 (08 · Polygon): instruction","Clear and inviting: a question to the child, or a thing to look at. Stress: polygon.","17_We_call_this_a_polygon.wav","Recorded: swiftee-lesson-1.mp3, 85.27-87.07 s (docs/voice/cue-map.json)","no (recorded)"
"L27","2 Lesson","Swiftee","A closed figure made of only straight line segments is called a polygon.","Screen 18 (09 · Definition): instruction","Clear and inviting: a question to the child, or a thing to look at. Stress: closed, straight, segments, polygon.","18_A_closed_figure_made_of_only_straight_line_segments_is_called.wav","Recorded: swiftee-lesson-1.mp3, 87.69-92.12 s (docs/voice/cue-map.json)","no (recorded)"
"L28","2 Lesson","Swiftee","Which of these figures are polygons?","Screen 19 (10 · Which are polygons): instruction","Clear and inviting: a question to the child, or a thing to look at. Stress: polygons.","19_Which_of_these_figures_are_polygons.wav","Recorded: swiftee-lesson-1.mp3, 92.75-94.57 s (docs/voice/cue-map.json)","no (recorded)"
"L29","2 Lesson","Swiftee","Great job! You identified all the polygons.","Screen 19 (10 · Which are polygons): right answer","Delighted, warm praise. A real smile, not a cheer. Stress: polygons.","81_Great_job_You_identified_all_the_polygons.wav","Recorded: swiftee-lesson-1.mp3, 95.84-99.08 s (docs/voice/cue-map.json)","no (recorded)"
"L30","2 Lesson","Swiftee","A polygon is closed, with only straight sides.","Screen 19 (10 · Which are polygons): first wrong try","Gentle and encouraging. Never disappointed; a small nudge. Stress: polygon, closed, straight, sides.","72_A_polygon_is_closed_with_only_straight_sides.wav","Recorded: swiftee-lesson-1.mp3, 99.58-102.95 s (docs/voice/cue-map.json)","no (recorded)"
"L31","2 Lesson","Swiftee","These line segments are the sides of the polygon.","Screen 20 (11 · Sides): instruction","Clear and inviting: a question to the child, or a thing to look at. Stress: segments, sides, polygon.","20_These_line_segments_are_the_sides_of_the_polygon.wav","Recorded: swiftee-lesson-1.mp3, 103.63-106.23 s (docs/voice/cue-map.json)","no (recorded)"
"L32","2 Lesson","Swiftee","The point where two sides meet is called a vertex.","Screen 21 (11 · Vertex): instruction","Clear and inviting: a question to the child, or a thing to look at. Stress: sides, vertex.","21_The_point_where_two_sides_meet_is_called_a_vertex.wav","Recorded: swiftee-lesson-1.mp3, 106.91-109.89 s (docs/voice/cue-map.json)","no (recorded)"
"L33","2 Lesson","Swiftee","When two sides meet, they also form an angle.","Screen 22 (11 · Angle): instruction","Clear and inviting: a question to the child, or a thing to look at. Stress: sides, angle.","22_When_two_sides_meet_they_also_form_an_angle.wav","Recorded: swiftee-lesson-1.mp3, 110.96-113.79 s (docs/voice/cue-map.json)","no (recorded)"
"L34","2 Lesson","Swiftee","Label the parts of the polygon.","Screen 23 (12 · Label the parts): instruction","Clear and inviting: a question to the child, or a thing to look at. Stress: polygon.","23_Label_the_parts_of_the_polygon.wav","Recorded: swiftee-lesson-1.mp3, 114.56-116.07 s (docs/voice/cue-map.json)","no (recorded)"
"L35","2 Lesson","Swiftee","Perfect! Side, vertex and angle — all labelled.","Screen 23 (12 · Label the parts): right answer (all three labels placed)","Delighted, warm praise. A real smile, not a cheer. Stress: vertex, angle.","73_Perfect_Side_vertex_and_angle_all_labelled.wav","Recorded: swiftee-lesson-1.mp3, 116.88-121.32 s (docs/voice/cue-map.json)","no (recorded)"
"L36","2 Lesson","Swiftee","Let's count the sides of the polygon.","Screen 24 (13 · How many sides): instruction","Clear and inviting: a question to the child, or a thing to look at. Stress: sides, polygon.","88_Lets_count_the_sides_of_the_polygon.wav","Recorded: swiftee-lesson-1.mp3, 122.13-123.88 s (docs/voice/cue-map.json)","no (recorded)"
"L37","2 Lesson","Swiftee","Count each side carefully and try again.","Screens 24, 31: first wrong try","Gentle and encouraging. Never disappointed; a small nudge. Stress: side.","51_Count_each_side_carefully_and_try_again.wav","Recorded: swiftee-lesson-1.mp3, 124.52-127.15 s (docs/voice/cue-map.json)","no (recorded)"
"L38","2 Lesson","Swiftee","Correct! This polygon has 5 sides.","Screen 25 (13 · Five sides): instruction","Clear and inviting: a question to the child, or a thing to look at. Stress: polygon, sides.","82_Correct_This_polygon_has_five_sides.wav","Recorded: swiftee-lesson-1.mp3, 128.16-131.16 s (docs/voice/cue-map.json)","no (recorded)"
"L39","2 Lesson","Swiftee","Now let's change how it looks.","Screen 26 (14 · Change it): instruction","Clear and inviting: a question to the child, or a thing to look at.","26_Now_lets_change_how_it_looks.wav","Recorded: swiftee-lesson-1.mp3, 132.25-133.67 s (docs/voice/cue-map.json)","no (recorded)"
"L40","2 Lesson","Swiftee","Drag any vertex. Stretch it, squash it, or resize it.","Screen 27 (14 · Drag a vertex): instruction","Clear and inviting: a question to the child, or a thing to look at. Stress: vertex.","27_Drag_any_vertex_Stretch_it_squash_it_or_resize_it.wav","Recorded: swiftee-lesson-1.mp3, 134.57-139.33 s (docs/voice/cue-map.json)","no (recorded)"
"L41","2 Lesson","Swiftee","Whoa! It looks quite different now.","Screen 28 (14 · Changed): instruction","Clear and inviting: a question to the child, or a thing to look at.","28_Whoa_It_looks_quite_different_now.wav","Recorded: swiftee-lesson-1.mp3, 140.13-142.57 s (docs/voice/cue-map.json)","no (recorded)"
"L42","2 Lesson","Swiftee","Its appearance has completely changed.","Screen 29 (15 · Before and after): instruction","Clear and inviting: a question to the child, or a thing to look at.","29_Its_appearance_has_completely_changed.wav","Recorded: swiftee-lesson-1.mp3, 143.11-145.13 s (docs/voice/cue-map.json)","no (recorded)"
"L43","2 Lesson","Swiftee","But not everything has changed.","Screen 30 (15 · Not everything): instruction","Clear and inviting: a question to the child, or a thing to look at.","30_But_not_everything_has_changed.wav","Recorded: swiftee-lesson-1.mp3, 145.92-147.68 s (docs/voice/cue-map.json)","no (recorded)"
"L44","2 Lesson","Swiftee","Let's count the sides again.","Screen 31 (16 · Count again): instruction","Clear and inviting: a question to the child, or a thing to look at. Stress: sides.","31_Lets_count_the_sides_again.wav","Recorded: swiftee-lesson-1.mp3, 148.30-149.73 s (docs/voice/cue-map.json)","no (recorded)"
"L45","2 Lesson","Swiftee","Both polygons still have 5 sides.","Screen 32 (16 · Still five): instruction","Clear and inviting: a question to the child, or a thing to look at. Stress: polygons, sides.","32_Both_polygons_still_have_five_sides.wav","Recorded: swiftee-lesson-1.mp3, 150.31-152.95 s (docs/voice/cue-map.json)","no (recorded)"
"L46","2 Lesson","Swiftee","So the number of sides gives us a good way to name polygons.","Screen 33 (16 · Naming): instruction","Clear and inviting: a question to the child, or a thing to look at. Stress: sides, polygons.","33_So_the_number_of_sides_gives_us_a_good_way_to_name_polygons.wav","Recorded: swiftee-lesson-1.mp3, 153.61-156.87 s (docs/voice/cue-map.json)","no (recorded)"
"L47","2 Lesson","Swiftee","A polygon with 3 sides is called a triangle.","Screen 34 (17 · Triangle): instruction","Clear and inviting: a question to the child, or a thing to look at. Stress: polygon, sides, triangle.","34_A_polygon_with_three_sides_is_called_a_triangle.wav","Recorded: swiftee-lesson-1.mp3, 157.50-160.40 s (docs/voice/cue-map.json)","no (recorded)"
"L48","2 Lesson","Swiftee","A polygon with 4 sides is called a quadrilateral.","Screen 35 (17 · Quadrilateral): instruction","Clear and inviting: a question to the child, or a thing to look at. Stress: polygon, sides, quadrilateral.","35_A_polygon_with_four_sides_is_called_a_quadrilateral.wav","Recorded: swiftee-lesson-1.mp3, 160.93-164.17 s (docs/voice/cue-map.json)","no (recorded)"
"L49","2 Lesson","Swiftee","Select all the quadrilaterals.","Screen 36 (18 · Quadrilaterals): instruction","Clear and inviting: a question to the child, or a thing to look at. Stress: quadrilaterals.","36_Select_all_the_quadrilaterals.wav","Recorded: swiftee-lesson-1.mp3, 164.99-166.92 s (docs/voice/cue-map.json)","no (recorded)"
"L50","2 Lesson","Swiftee","That’s right! Quadrilaterals are polygons with 4 sides.","Screen 36 (18 · Quadrilaterals): right answer","Delighted, warm praise. A real smile, not a cheer. Stress: polygons, sides.","83_Thats_right_Quadrilaterals_are_polygons.wav","Recorded: swiftee-lesson-1.mp3, 167.98-172.03 s (docs/voice/cue-map.json)","no (recorded)"
"L51","2 Lesson","Swiftee","Quadrilaterals are polygons with 4 sides.","Screen 36 (18 · Quadrilaterals): first wrong try","Gentle and encouraging. Never disappointed; a small nudge. Stress: polygons, sides.","84_Quadrilaterals_are_polygons_with_four_sides.wav","Recorded: swiftee-lesson-1.mp3, 172.60-175.61 s (docs/voice/cue-map.json)","no (recorded)"
"L52","2 Lesson","Swiftee","Is this shape a quadrilateral?","Screen 36 (18 · Quadrilaterals): second wrong try","Patient and kind; gives the answer away a little more. Stress: quadrilateral.","85_Is_this_shape_a_quadrilateral.wav","Recorded: swiftee-lesson-1.mp3, 176.32-178.22 s (docs/voice/cue-map.json)","no (recorded)"
"L53","2 Lesson","Swiftee","A polygon with 5 sides is called a pentagon.","Screen 37 (19 · Pentagon): instruction","Clear and inviting: a question to the child, or a thing to look at. Stress: polygon, sides, pentagon.","37_A_polygon_with_five_sides_is_called_a_pentagon.wav","Recorded: swiftee-lesson-1.mp3, 179.41-182.72 s (docs/voice/cue-map.json)","no (recorded)"
"L54","2 Lesson","Swiftee","A polygon with 6 sides is called a hexagon.","Screen 38 (20 · Hexagon): instruction","Clear and inviting: a question to the child, or a thing to look at. Stress: polygon, sides, hexagon.","38_A_polygon_with_six_sides_is_called_a_hexagon.wav","Recorded: swiftee-lesson-1.mp3, 183.31-186.56 s (docs/voice/cue-map.json)","no (recorded)"
"L55","2 Lesson","Swiftee","A polygon with 7 sides is called a heptagon.","Screen 39 (21 · Heptagon): instruction","Clear and inviting: a question to the child, or a thing to look at. Stress: polygon, sides, heptagon.","39_A_polygon_with_seven_sides_is_called_a_heptagon.wav","Recorded: swiftee-lesson-1.mp3, 187.15-190.31 s (docs/voice/cue-map.json)","no (recorded)"
"L56","2 Lesson","Swiftee","A polygon with 8 sides is called an octagon.","Screen 40 (22 · Octagon): instruction","Clear and inviting: a question to the child, or a thing to look at. Stress: polygon, sides, octagon.","40_A_polygon_with_eight_sides_is_called_an_octagon.wav","Recorded: swiftee-lesson-1.mp3, 190.90-194.07 s (docs/voice/cue-map.json)","no (recorded)"
"L57","2 Lesson","Swiftee","Let's recall the different types of polygons we learnt about.","Screen 41 (23 · Recall): instruction","Clear and inviting: a question to the child, or a thing to look at. Stress: polygons.","41_Lets_recall_the_different_types_of_polygons_we_learnt_about.wav","Recorded: swiftee-lesson-1.mp3, 194.97-197.91 s (docs/voice/cue-map.json)","no (recorded)"
"L59","2 Lesson","Swiftee","Which of these are polygons?","Screen 43 (CFU 1): instruction","Clear and inviting: a question to the child, or a thing to look at. Stress: polygons.","77_Select_polygons.wav","Recorded: swiftee-lesson-1.mp3, 203.25-204.91 s (docs/voice/cue-map.json)","no (recorded)"
"L60","2 Lesson","Swiftee","Yes! Closed, with only straight sides.","Screen 43 (CFU 1): right answer","Delighted, warm praise. A real smile, not a cheer. Stress: straight, sides.","52_Yes_Closed_with_only_straight_sides.wav","Recorded: swiftee-lesson-1.mp3, 205.77-209.06 s (docs/voice/cue-map.json)","no (recorded)"
"L61","2 Lesson","Swiftee","Not quite! A polygon is closed with only straight sides.","Screen 43 (CFU 1): first wrong try","Gentle and encouraging. Never disappointed; a small nudge. Stress: polygon, closed, straight, sides.","87_Not_quite_A_polygon_is_closed.wav","Recorded: swiftee-lesson-1.mp3, 209.96-214.34 s (docs/voice/cue-map.json)","no (recorded)"
"L62","2 Lesson","Swiftee","Classify the figures as a polygon or not a polygon.","Screen 44 (CFU 2): instruction","Clear and inviting: a question to the child, or a thing to look at. Stress: polygon.","43_Classify_the_figures_as_a_polygon_or_not_a_polygon.wav","Recorded: swiftee-lesson-1.mp3, 214.89-218.38 s (docs/voice/cue-map.json)","no (recorded)"
"L63","2 Lesson","Swiftee","Great job! You sorted the figures correctly.","Screen 44 (CFU 2): right answer","Delighted, warm praise. A real smile, not a cheer.","55_Great_job_You_sorted_the_figures_correctly.wav","Recorded: swiftee-lesson-1.mp3, 219.51-222.13 s (docs/voice/cue-map.json)","no (recorded)"
"L64","2 Lesson","Swiftee","Wrong group. Check for gaps or curved sides.","Screen 44 (CFU 2): first wrong try","Gentle and encouraging. Never disappointed; a small nudge. Stress: gaps, curved, sides.","56_Wrong_group_Check_for_gaps_or_curved_sides.wav","Recorded: swiftee-lesson-1.mp3, 223.01-226.53 s (docs/voice/cue-map.json)","no (recorded)"
"L65","2 Lesson","Swiftee","Polygons are closed, with only straight sides. Try again.","Screen 44 (CFU 2): second wrong try","Patient and kind; gives the answer away a little more. Stress: closed, straight, sides.","57_Polygons_are_closed_with_only_straight_sides_Try_again.wav","Recorded: swiftee-lesson-1.mp3, 227.20-231.73 s (docs/voice/cue-map.json)","no (recorded)"
"L66","2 Lesson","Swiftee","Which figure is NOT a polygon?","Screen 45 (CFU 3): instruction","Clear and inviting: a question to the child, or a thing to look at. Stress: NOT, polygon. Read NOT with emphasis.","78_Not_a_polygon.wav","Recorded: swiftee-lesson-1.mp3, 232.34-234.48 s (docs/voice/cue-map.json)","no (recorded)"
"L67","2 Lesson","Swiftee","You found it! That is not a polygon.","Screen 45 (CFU 3): right answer","Delighted, warm praise. A real smile, not a cheer. Stress: polygon.","58_You_found_it_That_is_not_a_polygon.wav","Recorded: swiftee-lesson-1.mp3, 235.40-237.97 s (docs/voice/cue-map.json)","no (recorded)"
"L68","2 Lesson","Swiftee","Which figure breaks the rule for a polygon?","Screen 45 (CFU 3): first wrong try","Gentle and encouraging. Never disappointed; a small nudge. Stress: polygon.","59_Which_figure_breaks_the_rule_for_a_polygon.wav","Recorded: swiftee-lesson-1.mp3, 238.83-241.20 s (docs/voice/cue-map.json)","no (recorded)"
"L69","2 Lesson","Swiftee","Is it closed? Does it have only straight sides?","Screen 45 (CFU 3): second wrong try","Patient and kind; gives the answer away a little more. Stress: closed, straight, sides.","53_Is_it_closed_Does_it_have_only_straight_sides.wav","Recorded: swiftee-lesson-2.mp3, 0.15-4.13 s (docs/voice/cue-map.json)","no (recorded)"
"L70","2 Lesson","Swiftee","Which of these are pentagons?","Screen 46 (CFU 4): instruction","Clear and inviting: a question to the child, or a thing to look at. Stress: pentagons.","79_Select_pentagons.wav","Recorded: swiftee-lesson-2.mp3, 5.15-6.98 s (docs/voice/cue-map.json)","no (recorded)"
"L71","2 Lesson","Swiftee","Exactly! A pentagon always has 5 sides.","Screen 46 (CFU 4): right answer","Delighted, warm praise. A real smile, not a cheer. Stress: pentagon, sides.","60_Exactly_A_pentagon_always_has_five_sides.wav","Recorded: swiftee-lesson-2.mp3, 7.99-11.84 s (docs/voice/cue-map.json)","no (recorded)"
"L72","2 Lesson","Swiftee","Count the sides of each figure carefully.","Screen 46 (CFU 4): first wrong try","Gentle and encouraging. Never disappointed; a small nudge. Stress: sides.","61_Count_the_sides_of_each_figure_carefully.wav","Recorded: swiftee-lesson-2.mp3, 12.89-14.92 s (docs/voice/cue-map.json)","no (recorded)"
"L73","2 Lesson","Swiftee","Look for every figure with exactly 5 sides.","Screen 46 (CFU 4): second wrong try","Patient and kind; gives the answer away a little more. Stress: sides.","62_Look_for_every_figure_with_exactly_five_sides.wav","Recorded: swiftee-lesson-2.mp3, 15.69-18.98 s (docs/voice/cue-map.json)","no (recorded)"
"L74","2 Lesson","Swiftee","Classify each figure as a hexagon or a heptagon.","Screen 47 (CFU 5): instruction","Clear and inviting: a question to the child, or a thing to look at. Stress: hexagon, heptagon.","46_Classify_each_figure_as_a_hexagon_or_a_heptagon.wav","Recorded: swiftee-lesson-2.mp3, 19.54-23.02 s (docs/voice/cue-map.json)","no (recorded)"
"L75","2 Lesson","Swiftee","Well done! Hexagons have 6 sides and heptagons have 7 sides.","Screen 47 (CFU 5): right answer","Delighted, warm praise. A real smile, not a cheer. Stress: sides, heptagons.","63_Well_done_Hexagons_have_six_sides_and_heptagons_have_seven_sid.wav","Recorded: swiftee-lesson-2.mp3, 23.94-29.29 s (docs/voice/cue-map.json)","no (recorded)"
"L76","2 Lesson","Swiftee","Count the sides of the ones you placed wrong.","Screen 47 (CFU 5): first wrong try","Gentle and encouraging. Never disappointed; a small nudge. Stress: sides.","64_Count_the_sides_of_the_ones_you_placed_wrong.wav","Recorded: swiftee-lesson-2.mp3, 30.03-32.25 s (docs/voice/cue-map.json)","no (recorded)"
"L77","2 Lesson","Swiftee","6 sides make a hexagon, 7 make a heptagon.","Screen 47 (CFU 5): second wrong try","Patient and kind; gives the answer away a little more. Stress: sides, hexagon, heptagon.","65_Six_sides_make_a_hexagon_seven_make_a_heptagon.wav","Recorded: swiftee-lesson-2.mp3, 32.82-36.44 s (docs/voice/cue-map.json)","no (recorded)"
"L79","2 Lesson","Swiftee","You know all about polygons now. You are ready to help Momo.","Screen 47, the summary: its last line, after the seven ideas; then Next and the game's cover","Proud and warm, then a turn back to the story: Momo needs you. Stress: polygons, help Momo.","90_You_know_all_about_polygons_now_You_are_ready_to_help_Momo.wav","Recorded: swiftee-lesson-3.mp3, 0.03-4.75 s (docs/voice/cue-map.json)","no (recorded)"
"B1","3 Help Momo (the Broken Path)","Swiftee","Oh no! The path is broken.","The Broken Path, after Momo stops at the edge: her first line","Concerned but calm, looking at the gap. Stress: broken.","bridge-1-path-is-broken.wav","Recorded: swiftee-lesson-2.mp3, 41.37-43.44 s (docs/voice/cue-map.json)","no (recorded)"
"B2","3 Help Momo (the Broken Path)","Swiftee","Help Momo cross the Frozen Pass!","The Broken Path: her second line","Encouraging, a call to action to the child: let's go! Stress: Frozen Pass.","bridge-2-help-momo-cross.wav","Recorded: swiftee-lesson-2.mp3, 43.72-45.74 s (docs/voice/cue-map.json)","no (recorded)"
"B3","3 Help Momo (the Broken Path)","Swiftee","But for that first you need to learn about polygons.","The Broken Path: her third line, then Next appears and leads into the lesson","Gentle, a teacher turning to the class: the plan. Stress: first, polygons.","89_But_for_that_first_you_need_to_learn_about_polygons.wav","Stand-in: macOS voice (Tara)","yes"
"B2-alt","3 Help Momo (the Broken Path)","Swiftee","Let's use what we learned to help Momo cross.","Optional: instead of B2, to link the lesson to the game (the line suggested in the brief)","Warm, confident, a teacher to her class. Stress: what we learned.","bridge-2-alt-use-what-we-learned.wav","Not used yet; no recording","optional"
"tut-1-meet","4 Frozen Rush game","Game voice","This is Momo. He needs to find his friend.","Tutorial, first crossing: The run starts; Momo is lit.","The game's voice: warm and quick, never stern. Under two seconds where possible.","tut-1-meet.wav","Recorded: frozen-rush-voice.mp3, 0.04-3.53 s (docs/voice/cue-map.json)","no (recorded)"
"tut-2-goal","4 Frozen Rush game","Game voice","Help Momo cross the Frozen Pass!","Tutorial, first crossing: Still at the start.","The game's voice: warm and quick, never stern. Under two seconds where possible.","tut-2-goal.wav","Recorded: frozen-rush-voice.mp3, 3.94-6.39 s (docs/voice/cue-map.json)","no (recorded)"
"tut-3-watch","4 Frozen Rush game","Game voice","Watch out!","Tutorial, first crossing: A rock is right in his path.","The game's voice: warm and quick, never stern. Under two seconds where possible.","tut-3-watch.wav","Recorded: frozen-rush-voice.mp3, 6.94-7.58 s (docs/voice/cue-map.json)","no (recorded)"
"tut-4-jump","4 Frozen Rush game","Game voice","Tap to jump over obstacles.","Tutorial, first crossing: The box alone, in the middle of the stage; no hand — the whole stage is the control.","The game's voice: warm and quick, never stern. Under two seconds where possible.","tut-4-jump.wav","Recorded: frozen-rush-voice.mp3, 7.94-9.82 s (docs/voice/cue-map.json)","no (recorded)"
"tut-5-broken","4 Frozen Rush game","Game voice","Oh no! The path is broken.","Tutorial, first crossing: He has stopped and trembled; the hole is lit.","The game's voice: warm and quick, never stern. Under two seconds where possible.","tut-5-broken.wav","Recorded: frozen-rush-voice.mp3, 10.29-12.48 s (docs/voice/cue-map.json)","no (recorded)"
"tut-6-use","4 Frozen Rush game","Game voice","Use the right ice piece to fix the path.","Tutorial, first crossing: The hand sweeps across the answer's rope.","The game's voice: warm and quick, never stern. Under two seconds where possible.","tut-6-use.wav","Recorded: frozen-rush-voice.mp3, 12.85-15.52 s (docs/voice/cue-map.json)","no (recorded)"
"tut-7-fit","4 Frozen Rush game","Game voice","Perfect fit! Keep going!","Tutorial, first crossing: The piece has landed and the run resumes.","The game's voice: warm and quick, never stern. Under two seconds where possible.","tut-7-fit.wav","Recorded: frozen-rush-voice.mp3, 16.05-18.05 s (docs/voice/cue-map.json)","no (recorded)"
"sign-triangle","4 Frozen Rush game","Game voice","Cut the triangle.","The instruction sign, crossing 1","Say the shape name with emphasis: it is shown in capitals and coloured.","sign-triangle.wav","Recorded: frozen-rush-voice.mp3, 18.42-19.57 s (docs/voice/cue-map.json)","no (recorded)"
"sign-quadrilateral","4 Frozen Rush game","Game voice","Cut the quadrilateral.","The instruction sign, crossing 2","Say the shape name with emphasis: it is shown in capitals and coloured.","sign-quadrilateral.wav","Recorded: frozen-rush-voice.mp3, 19.90-21.12 s (docs/voice/cue-map.json)","no (recorded)"
"sign-pentagon","4 Frozen Rush game","Game voice","Cut the pentagon.","The instruction sign, crossing 3","Say the shape name with emphasis: it is shown in capitals and coloured.","sign-pentagon.wav","Recorded: frozen-rush-voice.mp3, 21.50-22.60 s (docs/voice/cue-map.json)","no (recorded)"
"sign-hexagon","4 Frozen Rush game","Game voice","Cut the hexagon.","The instruction sign, crossing 4","Say the shape name with emphasis: it is shown in capitals and coloured.","sign-hexagon.wav","Recorded: frozen-rush-voice.mp3, 22.96-24.04 s (docs/voice/cue-map.json)","no (recorded)"
"sign-heptagon","4 Frozen Rush game","Game voice","Cut the heptagon.","The instruction sign, crossing 5","Say the shape name with emphasis: it is shown in capitals and coloured.","sign-heptagon.wav","Recorded: frozen-rush-voice.mp3, 24.42-25.56 s (docs/voice/cue-map.json)","no (recorded)"
"sign-pentagons","4 Frozen Rush game","Game voice","Cut all the pentagons.","The instruction sign, crossing 6 (two answers)","Say the shape name with emphasis: it is shown in capitals and coloured.","sign-pentagons.wav","Recorded: frozen-rush-voice.mp3, 25.95-27.65 s (docs/voice/cue-map.json)","no (recorded)"
"sign-hexagons","4 Frozen Rush game","Game voice","Cut all the hexagons.","The instruction sign, crossing 7 (two answers)","Say the shape name with emphasis: it is shown in capitals and coloured.","sign-hexagons.wav","Recorded: frozen-rush-voice.mp3, 28.03-29.81 s (docs/voice/cue-map.json)","no (recorded)"
